"Ref","Waarde","Footprint","Aantal"
"C1","100uF/25V","Capacitor_THT:CP_Radial_D6.3mm_P2.50mm","1"
"C2,C12","10uF","Capacitor_SMD:C_0805_2012Metric","2"
"C3-C6,C9-C11,C13","100nF","Capacitor_SMD:C_0805_2012Metric","8"
"C7,C8","22pF","Capacitor_SMD:C_0805_2012Metric","2"
"D1","SS34","Diode_SMD:D_SMA","1"
"JP_BA?","bias A","Connector_PinHeader_2.54mm:PinHeader_1x02_P2.54mm_Vertical","1"
"JP_BB?","bias B","Connector_PinHeader_2.54mm:PinHeader_1x02_P2.54mm_Vertical","1"
"JP_TERM?","120R term","Connector_PinHeader_2.54mm:PinHeader_1x02_P2.54mm_Vertical","1"
"J_DMAN?","Dode man NO","Connector_PinHeader_2.54mm:PinHeader_1x02_P2.54mm_Vertical","1"
"J_ESTOP?","Noodstop NC","Connector_PinHeader_2.54mm:PinHeader_1x02_P2.54mm_Vertical","1"
"J_FTDI?","FTDI","Connector_PinHeader_2.54mm:PinHeader_1x06_P2.54mm_Vertical","1"
"J_ISP?","ISP","Connector_PinHeader_2.54mm:PinHeader_2x03_P2.54mm_Vertical","1"
"J_POT?","Potmeter","Connector_PinHeader_2.54mm:PinHeader_1x03_P2.54mm_Vertical","1"
"J_PWR?","+12V in","TerminalBlock:TerminalBlock_bornier-2_P5.08mm","1"
"J_RS485","RS485 bus","TerminalBlock:TerminalBlock_bornier-3_P5.08mm","1"
"L1","10uH","Inductor_SMD:L_1210_3225Metric","1"
"PS1","Buck 12V->5V","Connector_PinHeader_2.54mm:PinHeader_1x04_P2.54mm_Vertical","1"
"R1","120","Resistor_SMD:R_0805_2012Metric","1"
"R2,R3","560","Resistor_SMD:R_0805_2012Metric","2"
"R4,R5,R8","10k","Resistor_SMD:R_0805_2012Metric","3"
"R6,R7","100k","Resistor_SMD:R_0805_2012Metric","2"
"SW1","Reset","Button_Switch_THT:SW_PUSH_6mm","1"
"TVS1","SM712","Package_TO_SOT_SMD:SOT-23","1"
"U1","MAX485","Package_SO:SOIC-8_3.9x4.9mm_P1.27mm","1"
"U2","ATmega328P-PU","Package_DIP:DIP-28_W7.62mm","1"
"Y1","16MHz","Crystal:Crystal_HC49-U_Vertical","1"
