Ref,Val,Package,PosX,PosY,Rot,Side
"C1","100uF/25V","CP_Radial_D6.3mm_P2.50mm",64.000000,-22.000000,0.000000,top
"C2","10uF","C_0805_2012Metric",73.000000,-33.000000,0.000000,top
"C3","100nF","C_0805_2012Metric",22.000000,-33.000000,180.000000,top
"C4","100nF","C_0805_2012Metric",48.000000,-32.000000,0.000000,top
"C5","100nF","C_0805_2012Metric",28.000000,-52.000000,180.000000,top
"C6","100nF","C_0805_2012Metric",28.000000,-55.000000,180.000000,top
"C7","22pF","C_0805_2012Metric",26.000000,-42.150000,180.000000,top
"C8","22pF","C_0805_2012Metric",26.000000,-47.030000,180.000000,top
"C9","100nF","C_0805_2012Metric",32.799999,-37.000000,180.000000,top
"C10","100nF","C_0805_2012Metric",48.000000,-46.500000,0.000000,top
"C11","100nF","C_0805_2012Metric",48.000000,-39.000000,0.000000,top
"C12","10uF","C_0805_2012Metric",28.000000,-37.000000,180.000000,top
"C13","100nF","C_0805_2012Metric",22.000000,-11.000000,180.000000,top
"D1","SS34","D_SMA",78.000000,-18.000000,0.000000,top
"H1","","",5.000000,-5.000000,0.000000,top
"H2","","",95.000000,-5.000000,0.000000,top
"H3","","",5.000000,-75.000000,0.000000,top
"H4","","",95.000000,-75.000000,0.000000,top
"JP_BA","bias A","PinHeader_1x02_P2.54mm_Vertical",18.000000,-41.000000,0.000000,top
"JP_BB","bias B","PinHeader_1x02_P2.54mm_Vertical",18.000000,-48.000000,0.000000,top
"JP_TERM","120R term","PinHeader_1x02_P2.54mm_Vertical",18.000000,-34.000000,0.000000,top
"J_DMAN","Dode man NO","PinHeader_1x02_P2.54mm_Vertical",8.000000,-60.000000,0.000000,top
"J_ESTOP","Noodstop NC","PinHeader_1x02_P2.54mm_Vertical",8.000000,-52.000000,0.000000,top
"J_FTDI","FTDI","PinHeader_1x06_P2.54mm_Vertical",24.000000,-7.000000,90.000000,top
"J_ISP","ISP","PinHeader_2x03_P2.54mm_Vertical",53.000000,-44.000000,0.000000,top
"J_POT","Potmeter","PinHeader_1x03_P2.54mm_Vertical",50.000000,-66.000000,0.000000,top
"J_PWR","+12V in","TerminalBlock_bornier-2_P5.08mm",78.000000,-10.000000,180.000000,top
"J_RS485","RS485 bus","TerminalBlock_bornier-3_P5.08mm",7.000000,-28.000000,-90.000000,top
"L1","10uH","L_1210_3225Metric",48.000000,-43.000000,180.000000,top
"PS1","Buck 12V->5V","PinHeader_1x04_P2.54mm_Vertical",88.000000,-30.000000,0.000000,top
"R1","120","R_0805_2012Metric",13.500000,-36.000000,0.000000,top
"R2","560","R_0805_2012Metric",13.500000,-41.000000,0.000000,top
"R3","560","R_0805_2012Metric",13.500000,-47.500000,180.000000,top
"R4","10k","R_0805_2012Metric",33.000000,-52.000000,0.000000,top
"R5","10k","R_0805_2012Metric",33.000000,-55.000000,0.000000,top
"R6","100k","R_0805_2012Metric",48.000000,-29.000000,180.000000,top
"R7","100k","R_0805_2012Metric",48.000000,-35.000000,0.000000,top
"R8","10k","R_0805_2012Metric",30.000000,-21.000000,0.000000,top
"SW1","Reset","SW_PUSH_6mm",10.000000,-14.000000,0.000000,top
"TVS1","SM712","SOT-23",13.000000,-30.500000,0.000000,top
"U1","MAX485","SOIC-8_3.9x4.9mm_P1.27mm",28.000000,-31.000000,180.000000,top
"U2","ATmega328P-PU","DIP-28_W7.62mm",36.000000,-22.000000,0.000000,top
"Y1","16MHz","Crystal_HC49-U_Vertical",31.500000,-42.150000,-90.000000,top
